,title,article_url,date,time,author,description
0,Φωτιά στη Φθιώτιδα - Επιχειρεί και ελικόπτερο,https://www.tovima.gr/2025/04/16/society/agrotodasiki-fotia-sti-fthiotida-megali-kinitopoiisi/,16.04.2025,14:51,,Κοντά σε πευκόφυτη περιοχή στον Λόγγο του Αγίου Κωνσταντίνου οι εστίες - Σε συναγερμό όλες οι δυνάμεις της Πυροσβεστικής στον νομό
1,Κεφαλλονιά: Φωτιά σε δασική έκταση στη περιοχή Λιβάδι - Μήνυμα από το 112,https://www.tovima.gr/2025/04/27/society/kefallonia-fotia-se-dasiki-ektasi-sti-perioxi-livadi/,27.04.2025,15:02,,"Για την κατάσβεση της φωτιάς στην Κεφαλλονιά επιχειρούν 16 πυροσβέστες  με μία ομάδα πεζοπόρου της 16ης ΕΜΟΔΕ, τέσσερα οχήματα και ένα ελικόπτερο."
2,Φωτιά σε αγροτοδασική έκταση στα Χανιά - Μήνυμα 112,https://www.tovima.gr/2025/03/13/society/fotia-se-agrotodasiki-ektasi-sta-xania-minyma-112/,13.03.2025,08:23,,"Για την κατάσβεση της φωτιά στα Χανιά επιχειρούν ισχυρές δυνάμεις της Πυροσβεστικής Υπηρεσίας, με 30 πυροσβέστες μία ομάδα πεζοπόρου της 3ης ΕΜΟΔΕ, 10 οχήματα και μια Ε/Π."
3,Ξάνθη: Φωτιά σε δασική έκταση - Επιχειρούν ενάερια μέσα,https://www.tovima.gr/2024/09/28/society/ksanthi-fotia-se-dasiki-ektasi-epixeiroun-enaeria-mesa/,28.09.2024,16:08,,Μάχη με τις φλόγες της φωτιάς σε δασική έκταση στην Ξάνθη. Επί ποδός η πυροσβεστική με πεζοπόρα και εναέρια μέσα.
4,Φωτιά τώρα στη Φθιώτιδα - Καίγεται δασική έκταση,https://www.tovima.gr/2024/09/01/society/fotia-tora-sti-fthiotida-kaigetai-dasiki-ektasi/,01.09.2024,18:12,,Φωτιά τώρα ξέσπασε στη Φθιώτιδα - Καίγεται δασική έκταση - Σπεύδουν εναέρια μέσα.
5,Φωτιά σε δασική έκταση στην περιοχή Σπαθάρης Αρκαδίας,https://www.tovima.gr/2024/08/18/society/fotia-se-dasiki-ektasi-stin-perioxi-spatharis-arkadias/,18.08.2024,17:08,,"Για την κατάσβεση της φωτιάς επιχειρούν 34 πυροσβεστες με 1 ομάδα πεζοπόρου της 9ης ΕΜΟΔΕ, 11 οχήματα, 7 Α/Φ και 2 Ε/Π."
6,Φωτιά στη Δράμα - Καίει δασική περιοχή,https://www.tovima.gr/2024/07/18/society/fotia-sti-drama-kaiei-dasiki-perioxi/,18.07.2024,11:49,,"Στο σημείο βρίσκονται ισχυρές δυνάμεις της πυροσβεστικής, ωστόσο η φωτιά καίει σε δύσβατο σημείο."
7,Φωτιά σε δασική έκταση στα Ιωάννινα,https://www.tovima.gr/2024/07/15/society/fotia-se-dasiki-ektasi-sta-ioannina/,15.07.2024,16:25,,"Η φωτιά προκλήθηκε υπό αδιευκρίνιστες μέχρι στιγμής συνθήκες στην περιοχή Σερζιανά, στα Ιωάννινα, πάνω σε έναν λοφίσκο."
8,Αγρίνιο: Φωτιά σε δασική έκταση στην περιοχή Κρεμαστά,https://www.tovima.gr/2024/07/13/society/agrinio-fotia-se-dasiki-ektasi-stin-perioxi-kremasta/,13.07.2024,21:08,,Επιχειρούν 40 πυροσβέστες με μία ομάδα πεζοπόρου και τέσσερα εναέρια μέσα.
9,Φωτιά τώρα στη Λέσβο – Καίει δασική έκταση στην Πέτρα,https://www.tovima.gr/2024/07/07/society/fotia-tora-sti-lesvo-kaiei-dasiki-ektasi-stin-petra/,07.07.2024,13:12,,"Συναγερμός στην Πυροσβεστική για την φωτιά που ξέσπασε το μεσημέρι της Κυριακής στη περιοχή Πέτρα, στη Λέσβο"
10,Ναυπακτία: Φωτιά σε δασική έκταση στην περιοχή της Τερψιθέας,https://www.tovima.gr/2024/07/06/society/naypaktia-fotia-se-dasiki-ektasi-stin-perioxi-tis-terpsitheas/,06.07.2024,18:02,,Η φωτιά ξεκίνησε από μια παλιά χωματερή της περιοχής.
11,Μεγάλη φωτιά στο Σουφλί Εβρου - Αμεση κινητοποίηση για την κατάσβεση,https://www.tovima.gr/2024/06/30/society/evros-fotia-sto-soufli-kaei-agrotodasiki-ektasi-amesi-kinitopoiisi/,30.06.2024,11:43,,"Στο Σουφλί, στον Εβρο όπου ξέσπασε η φωτιά έχουν έχουν σταλεί 9 πυροσβεστικά οχήματα, 3 αεροσκάφη και ένα ελικόπτερο για να συμβάλλουν στην κατάσβεση της πυρκαγιάς."
12,Φωτιά στην Πάρνηθα: Μεγάλη δασική πυρκαγιά στην περιοχή Κατσιμίδι,https://www.tovima.gr/2024/06/29/society/fotia-stin-parnitha-se-dasiki-ektasi-stin-perioxi-katsimidi/,29.06.2024,15:13,,Η φωτιά στην Πάρνηθα είναι δασική και έχει εκδηλωθεί στην περιοχή Κατσιμίδι - Συναγερμός στην πυροσβεστική
13,Φωτιά τώρα στις Σέρρες – Καίει δασική έκταση,https://www.tovima.gr/2024/06/28/society/fotia-tora-stis-serres-kaiei-dasiki-ektasi/,28.06.2024,14:06,,"Η φωτιά καίει δασική έκταση, στο Όρος Κρούσια, του δήμου Σιντίκης Σερρών."
14,Φωτιά στην Κάρυστο - Καίει δασική έκταση,https://www.tovima.gr/2024/06/25/society/fotia-stin-karysto-kaiei-dasiki-ektasi-2/,25.06.2024,13:59,,Το μεσημέρι της Τρίτης ξέσπασε φωτιά στην περιοχή Παξιμάδα στην Κάρυστο - Στο σημείο ισχυρές δυνάμεις της πυροσβεστικής.
15,Σε εξέλιξη φωτιά σε δασική έκταση στη Λαύκα Κορινθίας,https://www.tovima.gr/2024/06/24/society/se-ekseliksi-fotia-se-dasiki-ektasi-sti-layka-korinthias/,24.06.2024,19:03,,"Στο σημείο επιχειρούν 30 πυροσβέστες με 6 οχήματα, 2 ομάδες πεζοπόρων ενώ από αέρος, συμμετέχουν 4 αεροσκάφη και δύο ελικόπτερα"
16,Φωτιά στην Αιτωλοακαρνανία: Σε αγροτοδασική έκταση στον Μαχαιρά,https://www.tovima.gr/2024/06/23/society/fotia-stin-aitoloakarnania-se-agrotodasiki-ektasi-ston-maxaira/,23.06.2024,18:45,,Για την κατάσβεση της φωτιάς στην Αιτωλοακαρνανία επιχειρεί και ένα ελικόπτερο.
17,Εύβοια: Φωτιά σε δασική περιοχή στο Αλιβέρι,https://www.tovima.gr/2024/06/21/society/eyvoia-fotia-se-dasiki-perioxi-sto-aliveri/,21.06.2024,16:56,,Φωτιά στην Εύβοια από σκαπτικό μηχάνημα που έπεσε σε γκρεμό - Ένας τραυματίας.
18,Φωτιά σε αγροτοδασική έκταση στην Βοιωτία,https://www.tovima.gr/2024/05/25/society/voiotia-fotia-se-agrotodasiki-ektasi-sto-simeio-isxyres-dynameis/,25.05.2024,12:19,,Στην περιοχή επιχειρούν 38 πυροσβέστες με δύο ομάδες πεζοπόρων τμημάτων και 11 οχήματα ενώ τις προσπάθειές τους συνδράμουν 3 αεροσκάφη και ένα ελικόπτερο.
19,Αχαΐα: Φωτιά σε δασική έκταση στην περιοχή Κάλφα,https://www.tovima.gr/2024/04/13/society/axaia-fotia-se-dasiki-ektasi-stin-perioxi-kalfa/,13.04.2024,19:40,,Άμεση συνδρομή των πυροσβεστικών δυνάμεων στη φωτιά που καίει στη  Δυτική Αχαΐα
20,Φωτιά σε δασική έκταση στην Άγναντη Φθιώτιδας,https://www.tovima.gr/2024/04/10/society/fotia-se-dasiki-ektasi-stin-agnanti-fthiotidas/,10.04.2024,17:24,,"Η κινητοποίηση της Πυροσβεστικής ήταν άμεση, καθώς για την κατάσβεση επιχειρούν 37 πυροσβέστες με 2 ομάδες πεζοπόρων τμημάτων και 11 οχήματα, ενώ από αέρος πραγματοποιεί ρίψεις ένα ελικόπτερο."
21,Φωτιά στη Βοιωτία – Καίγεται αγροτοδασική έκταση,https://www.tovima.gr/2024/04/06/society/fotia-sti-voiotia-kaigetai-agrotodasiki-ektasi/,06.04.2024,17:16,,Για την κατάσβεση της φωτιάς στην Βοιωτία επιχειρούν 27 πυροσβέστες με 10 οχήματα.
22,Φωτιά στην Αρκαδία – Καίει δασική έκταση,https://www.tovima.gr/2024/03/30/society/fotia-stin-arkadia-kaiei-dasiki-ektasi/,30.03.2024,13:07,,Αγνωστη η αιτία της φωτιάς στην Αρκαδία - Στο σημείο επιχειρούν και εναέρια μέσα
23,Φωτιά τώρα σε δασική έκταση στον Λαγκαδά Θεσσαλονίκης,https://www.tovima.gr/2023/09/20/society/fotia-tora-se-dasiki-ektasi-ston-lagkada-thessalonikis/,20.09.2023,13:59,,Συναγερμός σήμανε στην Πυροσβεστική μετά από φωτιά που ξέσπασε σε δασική έκταση στον Λαγκαδά Θεσσαλονίκης
24,Φωτιά στη Χαλκιδική: Καίει αγροτοδασική έκταση στον Πολύγυρο,https://www.tovima.gr/2023/08/22/society/fotia-sti-xalkidiki-kaiei-agrotodasiki-ektasi-ston-polygyro/,22.08.2023,14:03,,Στην φωτιά που ξέσπασε το μεσημέρι της Τρίτης 22/8 στον Πολύγυρο Χαλκιδικής επιχειρούν επίγειες και εναέριες δυνάμεις.
25,Φωτιά στη Ροδόπη: Καίει αγροτοδασική έκταση στην Ανω Δροσίνη,https://www.tovima.gr/2023/08/21/society/fotia-sti-rodopi-kaiei-agrotodasiki-ektasi-stin-ano-drosini/,21.08.2023,13:46,,Σύμφωνα με την Πυροσβεστική για την κατάσβεση της φωτιάς στη Ροδόπη έχουν κινητοποιηθεί επίγειες και εναέριες δυνάμεις.
26,Εκτός ελέγχου η φωτιά στα Ψαχνά Ευβοίας - Εκκένωση 2 περιοχών,https://www.tovima.gr/2023/08/21/society/se-ekseliksi-pyrkagia-sta-psaxna-eyvoias/,21.08.2023,13:21,,H πυρκαγιά καίει αγροτοδασική έκταση στην περιοχή Προφήτης Ηλίας στα Ψαχνά Ευβοίας - Μάχη δίνουν οι δυνάμεις της πυροσβεστικής προκειμένου να περιοσιστεί η φωτιά
27,Φωτιά σε δασική έκταση στην περιοχή Κερασιά στο Άγιο Όρος,https://www.tovima.gr/2023/08/17/society/agio-oros-fotia-se-dasiki-ektasi-stin-perioxi-kerasia/,17.08.2023,21:16,,"Στο σημείο επιχειρούν 36 πυροσβέστες, τέσσερις ομάδες πεζοπόρων τμημάτων και τρία οχήματα."
28,"Φωτιά στη Φθιώτιδα, σε δασική περιοχή οι φλόγες",https://www.tovima.gr/2023/08/14/society/fotia-sti-fthiotida-se-dasiki-perioxi-oi-floges/,14.08.2023,18:22,,Συναγερμός στη Πυροσβεστική μετά από φωτιά που ξέσπασε σε δασική περιοχή της Φθιώτιδας
29,Φωτιά στην Κάρυστο,https://www.tovima.gr/2023/08/09/society/fotia-stin-karysto-se-dasiki-ektasi/,09.08.2023,20:58,,Στο σημείο που ξέσπασε η φωτιά πνέουν ισχυροί άνεμοι.
30,Φωτιά σε δασική έκταση στην Κάρυστο,https://www.tovima.gr/2023/08/09/society/fotia-se-dasiki-ektasi-stin-karysto/,09.08.2023,12:46,,Συναγερμός στην Πυροσβεστικής από φωτιά που ξέσπασε στην Κάρυστο
31,Φωτιά στη Ρόδο: 135.000 στρέμματα δασικής έκτασης έγιναν στάχτη,https://www.tovima.gr/2023/08/01/society/fotia-sti-rodo-135-000-stremmata-dasikis-ektasis-eginan-staxti/,01.08.2023,11:17,,Ανυπολόγιστη οικολογική καταστροφή στη Ρόδο άφησε πίσω της η φωτιά
32,Φωτιά σε δασική έκταση στο Μαψός Κορινθίας,https://www.tovima.gr/2023/07/29/society/fotia-se-dasiki-ektasi-sto-mapso-korinthias/,29.07.2023,18:03,,Φωτιά ξέσπασε  στο Μαψός Κορινθίας - Ισχυρές δυνάμεις της Πυροσβεστικής κατέφτασαν άμεσα στο σημείο
33,Φωτιά τώρα στην Εύβοια - Κοντά σε νοσοκομείο και σπίτια οι φλόγες,https://www.tovima.gr/2023/07/27/society/fotia-tora-stin-eyvoia-se-agrotodasiki-ektasi-stin-kymi/,27.07.2023,09:57,,Φωτιά ξέσπασε νωρίς το πρωί της Πέμτπης (27/7) στην Εύβοια
34,Φωτιά στο Τατόι – Καίει δασική έκταση κοντά στο αεροδρόμιο,https://www.tovima.gr/2023/07/25/society/fotia-sto-tatoi-kaiei-dasiki-ektasi-konta-sto-aerodromio/,25.07.2023,11:38,,Οι πρώτες πληροφορίες για τη φωτιά που ξέσπασε το πρωί της Τρίτης κοντά στο αεροδρόμιο στο Τατόι
35,Φωτιά σε δασική έκταση στην Εύβοια – Καίει κοντά σε μοναστήρι,https://www.tovima.gr/2023/07/15/society/fotia-se-dasiki-ektasi-stin-eyvoia-kaiei-konta-se-monastiri/,15.07.2023,16:19,,Έχουν κινητοποιηθεί επίγειες και εναέριες δυνάμεις.
36,Φωτιά σε αγροτοδασική έκταση στο Λημέρι Κορινθίας,https://www.tovima.gr/2023/07/12/society/fotia-se-agrotodasiki-ektasi-sto-limeri-korinthias/,12.07.2023,16:47,,Στο σημείο επιχειρούν επίγειες και εναέριες δυνάμεις της Πυροσβεστικής.
37,Μεσολόγγι: Φωτιά σε δασική έκταση στο Πλατυγιάλι Αστακού,https://www.tovima.gr/2023/07/11/society/mesologgi-fotia-se-dasiki-ektasi-sto-platygiali-astakou/,11.07.2023,17:43,,Σύμφωνα με τις πρώτες πληροφορίες η φωτιά είναι μακριά από κατοικημένη περιοχή και δεν υπάρχει κίνδυνος για κάποιον οικισμό.
38,Φωτιά σε δασική έκταση στα Τέμπη – Ξεκίνησε από τροχόσπιτο,https://www.tovima.gr/2023/07/09/society/fotia-se-dasiki-ektasi-sta-tempi-ksekinise-apo-troxospito/,09.07.2023,16:57,,"Επίγειες και εναέρειες δυνάμεις της Πυροσβεστικής σπεύδουν στο σημείο - Σύμφωνα με τις πρώτες εκτιμήσεις, η εν λόγω φωτιά συνδέεται με εκείνη που ξέσπασε σε εν κινήσει τροχόσπιτο"
39,Σάμος: Φωτιά στο Καρλόβασι – Καίει δασική έκταση,https://www.tovima.gr/2023/07/09/society/samos-fotia-sto-karlovasi-kaiei-dasiki-ektasi/,09.07.2023,16:06,,Φωτιά ξέσπασε το μεσημέρι της Κυριακής στην περιοχή Καρλόβασι της Σάμου - Κινητοποιήθηκαν επίγειες και εναέριες δυνάμεις.
40,Φωτιά στη Λέσβο: Καίει δασική έκταση,https://www.tovima.gr/2023/07/06/society/fotia-sti-lesvo-kaiei-dasiki-ektasi/,06.07.2023,13:05,,"Στο μέτωπο της φωτιάς επιχειρούν οκτώ πυροσβέστες με 3 οχήματα και ένα πεζοπόρο τμήμα, ενώ έχουν κινητοποιηθεί και δύο αεροσκάφη."
41,Φωτιά σε δασική έκταση στην Ψάθα Αττικής - Επιχειρούν εναέρια μέσα,https://www.tovima.gr/2023/07/04/society/fotia-se-dasiki-ektasi-stin-psatha-attikis/,04.07.2023,16:12,,"Στο σημείο επιχειρούν 30 πυροσβέστες με 10 οχήματα, 1 ομάδα πεζοπόρου τμήματος ενώ από αέρος συνδράμουν στο έργο της κατάσβεσης 2 αεροσκάφη και 2 ελικόπτερα."
42,Σάμος: Φωτιά σε δασική έκταση στους Μυτιληνιούς,https://www.tovima.gr/2023/06/30/society/samos-fotia-se-dasiki-ektasi-stous-mytilinious/,30.06.2023,14:31,,Για την κατάσβεση της φωτιάς κινητοποιήθηκαν επίγειες και εναέριες δυνάμεις της Πυροσβεστικής.
43,Φωτιά σε δασική έκταση στη Ζάκυνθο – Επιχειρούν εναέρια μέσα,https://www.tovima.gr/2023/06/26/society/fotia-se-dasiki-ektasi-sti-zakyntho-epixeiroun-enaeria-mesa/,26.06.2023,15:14,,Η φωτιά ξέσπασε σε δασική έκταση στις Ορθανιές.
44,Φωτιά σε δασική έκταση στα Μέθανα,https://www.tovima.gr/2023/06/15/society/fotia-se-dasiki-ektasi-sta-methana/,15.06.2023,15:33,,"Για την κατάσβεση της φωτιάς επιχειρούν 17 πυροσβέστες με μία ομάδα πεζοπόρου τμήματος, τρία οχήματα και ένα ελικόπτερο."
45,Φωτιά σε δασική έκταση στα Μέγαρα – Επιχειρούν εναέρια μέσα,https://www.tovima.gr/2023/04/19/society/fotia-se-dasiki-ektasi-sta-megara-epixeiroun-enaeria-mesa/,19.04.2023,15:44,,Σύμφωνα με την Πυροσβεστική η φωτιά είναι σε χαράδρα και δεν κινδυνεύει κάποια κατοικημένη περιοχή.
46,Φωτιά στην Ηλεία - Καίει δάσος,https://www.tovima.gr/2022/11/05/society/fotia-stin-ileia-kaiei-dasiki-ektasi-sikothikan-enaeria-mesa/,05.11.2022,15:20,,Επί ποδός η πυροσβεστική
47,Φωτιά στον Μαραθώνα - Καίει δάσος,https://www.tovima.gr/2022/09/24/society/fotia-ston-marathona-kaiei-dasiki-ektasi/,24.09.2022,11:55,,Σε δασική έκταση
48,Φωτιά στον Πύρριχο Μάνης,https://www.tovima.gr/2022/09/19/society/fotia-ston-pyrrixo-manis-kaiei-dasiki-ektasi/,19.09.2022,08:28,,"Σύμφωνα με την πυροσβεστική, το μέτωπο της φωτιάς δεν απειλεί, μέχρι τώρα, κάποια κατοικημένη περιοχή"
49,Φωτιά στα Κύθηρα – Καίει δάσος,https://www.tovima.gr/2022/09/06/society/fotia-sta-kythira-kaiei-dasiki-perioxi/,06.09.2022,12:45,,"Ισχυροί άνεμοι, οι οποίοι δυσχεραίνουν το έργο της κατάσβεσης"
50,Φωτιά στο Κατακάλι Κορινθίας,https://www.tovima.gr/2022/08/21/society/fotia-stin-korinthia-kaigetai-dasiki-ektasi-stin-perioxi-katakali/,21.08.2022,18:20,,Έχει διακοπεί η κυκλοφορία στην παλαιά Εθνική Οδό Ισθμού – Επιδαύρου από τη φωτιά στο Κατακάλι Κορινθίας
51,Στις φλόγες δασική έκταση στο Πετρωτό Δομοκού,https://www.tovima.gr/2022/08/09/society/fotia-sti-fthiotida-stis-floges-dasiki-ektasi-sto-petroto-domokou-enisxyontai-oi-dynameis/,09.08.2022,08:30,,Η φωτιά στη Φθιώτιδα ξέσπασε τις πρώτες πρωινές ώρες της Τρίτης
52,Άγιο Όρος: Φωτιά σε δασική έκταση κοντά στη μονή Δοχειαρίου,https://www.tovima.gr/2022/08/06/society/agio-oros-fotia-se-dasiki-ektasi-konta-sti-moni-doxeiariou/,06.08.2022,14:35,,"Φωτιά ξέσπασε πριν από λίγη ώρα σε δασική έκταση κοντά στη μονή Δοχειαρίου, στο Άγιο Όρος."
53,Φωτιά σε δάσος στο Δίστομο Βοιωτίας,https://www.tovima.gr/2022/07/29/society/fotia-sto-distomo-voiotias-kaiei-dasiki-ektasi/,29.07.2022,13:45,,"Επιχειρούν 21 άτομα με ένα πεζοπόρο τμήμα, 7 οχήματα, δύο αεροσκάφη και δύο ελικόπτερα"
54,Φωτιά στη Λέσβο: Καίει δασική έκταση – Απειλούνται σπίτια,https://www.tovima.gr/2022/07/23/society/fotia-sti-lesvo-kaiei-dasiki-ektasi-sikothikan-enaeria-mesa/,23.07.2022,11:02,,"Φωτιά ξέσπασε πριν από λίγη ώρα σε δασική έκταση στο Καστρί του δήμου Δυτικής Λέσβου. Κινητοποιήθηκαν επίγειες και εναέριες δυνάμεις. #Πυρκαγιά σε δασική έκταση στο Καστρί του δήμου Δυτικής Λέσβου. Κινητοποιήθηκαν επίγειες και εναέριες δυνάμεις. — Πυροσβεστικό Σώμα (@pyrosvestiki) July 23, 2022"
55,Φωτιά σε δασική έκταση στο Ξυλόκαστρο,https://www.tovima.gr/2022/07/21/society/fotia-se-dasiki-ektasi-sto-ksylokastro/,21.07.2022,16:59,,"Επιχειρούν 28 πυροσβέστες με 2 ομάδες πεζοπόρων τμημάτων, 8 οχήματα και 3 αεροσκάφη."
56,Φωτιά στην Β. Εύβοια: Καίει δάσος,https://www.tovima.gr/2022/07/10/society/fotia-stin-voreia-eyvoia-kaiei-dasiki-ektasi/,10.07.2022,16:49,,Η φωτιά στη Βόρεια Εύβοια ξεκίνησε σε δασική έκταση
57,Φωτιά στη Λευκάδα,https://www.tovima.gr/2022/07/09/society/fotia-sti-leykada-kaiei-dasiki-ektasi-pano-apo-to-porto-katsiki/,09.07.2022,09:11,,Κινητοποιήθηκαν επίγειες και εναέριες δυνάμεις.
58,Ηλεία: Φωτιά σε δασική έκταση στην περιοχή Ροδιά,https://www.tovima.gr/2022/07/08/society/ileia-fotia-se-dasiki-ektasi-stin-perioxi-rodia/,08.07.2022,13:57,,Επιχειρούν επίγειες και εναέριες δυνάμεις
59,Φωτιά στο Σχηματάρι - Προληπτική εκκένωση στο Δήλεσι,https://www.tovima.gr/2022/07/04/society/sximatari-ksespase-fotia-se-agrotodasiki-ektasi-epixeirei-me-isxyres-dynameis-i-pyrosvestiki/,04.07.2022,12:30,,Στη φωτιά στο Σχηματάρι επιχειρούν και 28 Ρουμάνοι πυροσβέστες που έχουν φτάσει στην Ελλάδα για να ενισχύσουν το ελληνικό Πυροσβεστικό Σώμα.
60,"Γιάνναρος: Μεγαλύτερη ένταση στις δασικές φωτιές, ξηρό το φετινό καλοκαίρι",https://www.tovima.gr/2024/04/13/society/giannaros-megalyteri-entasi-stis-dasikes-foties-anamenetai-ksiro-kalokairi/,13.04.2024,16:34,,"Προειδοποίηση του πυρομετεωρολόγου, ο Θοδωρή Γιάνναρου για το φετινό καλοκαίρι"
61,Συνολικά 88 αγροτοδασικές πυρκαγιές το τελευταίο 24ωρο,https://www.tovima.gr/2024/04/07/society/foties-synolika-88-agrotodasikes-pyrkagies-to-teleytaio-24oro/,07.04.2024,19:39,,Από αυτές οι 80 κατασβέστηκαν άμεσα στο πρώτο στάδιο εκδήλωσής τους και οι 8 ήδη αντιμετωπίζονται αυτή την ώρα.
62,Φωτιές: Πάνω από 350 δασικές πυρκαγιές στη χώρα – Ποιες περιοχές είναι στο «κόκκινο» σήμερα Πέμπτη,https://www.tovima.gr/2022/07/07/society/foties-pano-apo-350-dasikes-pyrkagies-sti-xora-poies-perioxes-einai-sto-kokkino-simera-pempti/,07.07.2022,08:20,,"Το τελευταίο 24ωρο, εκδηλώθηκαν 41 δασικές πυρκαγιές. Δεδομένων των ιδιαίτερων συνθηκών που επικράτησαν, με υψηλές θερμοκρασίες, αυξημένη ένταση των ανέμων, καθώς και χαμηλά ποσοστά σχετικής υγρασίας, ευνοήθηκε η εκδήλωση και γρήγορη επέκτασή τους."
63,Ο καπνός από τις δασικές πυρκαγιές στον Καναδά κάλυψε το ένα τρίτο των ΗΠΑ,https://www.tovima.gr/2025/06/04/world/o-kapnos-apo-tis-dasikes-pyrkagies-ston-kanada-kalypse-to-ena-trito-ton-ipa/,04.06.2025,21:33,,Οι μεγάλες δασικές πυρκαγιές συνεχίζουν να καίνε στον Καναδά προκαλώντας προβλήματα ατμοσφαιρικής ρύπανσης και στις ΗΠΑ
64,Πυροσβεστική: 61 αγροτοδασικές πυρκαγιές το τελευταίο 24ωρο,https://www.tovima.gr/2024/04/13/society/pyrosvestiki-61-agrotodasikes-pyrkagies-to-teleytaio-24oro/,13.04.2024,22:45,,"Οι 54 πυρκαγιές αντιμετωπίστηκαν άμεσα, στο αρχικό τους στάδιο, ενώ οι πυροσβεστικές δυνάμεις αντιμετωπίζουν ακόμη επτά"
66,Πλέον οι δασικές πυρκαγιές φουντώνουν ακόμα και τη νύχτα,https://www.tovima.gr/2024/02/14/the-wall-street-journal/dasikes-pyrkagies-pleon-den-mpainoun-se-yfesi-oute-ti-nyxta/,14.02.2024,18:38,Mike Cherney,"Οι θερμότερες και ξηρότερες βραδιές σε ορισμένες περιοχές αποτελούν μια νέα πρόκληση για τους πυροσβέστες, οι οποίοι καλούνται να δοκιμάσουν νέες τακτικές για να περιορίσουν τις φλόγες."
67,Πυροσβεστική: 31 δασικές πυρκαγιές το τελευταίο 24ωρο,https://www.tovima.gr/2023/08/12/society/pyrosvestiki-31-dasikes-pyrkagies-to-teleytaio-24oro/,12.08.2023,20:47,,"Σύμφωνα με την τελευταία ενημέρωση από την Πυροσβεστική, το τελευταίο 24ωρο, από ώρα 18:00 της 11ης Αυγούστου έως ώρα 18:00 της 12ης Αυγούστου 2023 εκδηλώθηκαν 31 δασικές πυρκαγιές."
68,Θερμοκρασίες ρεκόρ στη Μεσόγειο: Το φαινόμενο hot-dry-windy και οι δασικές πυρκαγιές,https://www.tovima.gr/2023/07/30/green/thermokrasies-rekor-sti-mesogeio-to-fainomeno-hot-dry-windy-kai-oi-dasikes-pyrkagies/,30.07.2023,12:37,,Ο φετινός Ιούλιος αναμένεται να είναι ο θερμότερος Ιούλιος που έχει καταγραφεί παγκοσμίως σύμφωνα με το σύστημα Copernicus. Τα ρεκόρ θερμοκρασιών στη Μεσόγειο που καταρρίπτονται.
69,Πυροσβεστική: 39 δασικές πυρκαγιές το τελευταίο εικοσιτετράωρο,https://www.tovima.gr/2023/07/15/society/pyrosvestiki-39-dasikes-pyrkagies-to-teleytaio-eikositetraoro/,15.07.2023,20:02,,"Οι περισσότερες πυρκαγιές, όπως επισημαίνεται στην ανακοίνωση της Πυροσβεστικής, αντιμετωπίστηκαν άμεσα, στο αρχικό τους στάδιο."
70,50 δασικές πυρκαγιές το τελευταίο 24ωρο – Πολύ υψηλός κίνδυνος τη Δευτέρα,https://www.tovima.gr/2023/07/09/society/pyrosvestiki-50-dasikes-pyrkagies-to-teleytaio-24oro-poly-ypsilos-kindynos-ti-deytera/,09.07.2023,20:35,,"Όπως αναφέρεται σε σχετική ανακοίνωση της πυροσβεστικής, οι περισσότερες πυρκαγιές αντιμετωπίστηκαν άμεσα, στο αρχικό τους στάδιο."
71,Οι εκπομπές διοξειδίου και οι ακραίες δασικές πυρκαγιές,https://www.tovima.gr/2023/05/25/green/meleti-pos-oi-ekpompes-diokseidiou-syndeontai-me-tis-akraies-dasikes-pyrkagies/,25.05.2023,10:41,,"Στόχος των ερευνητών να ποσοστικοποιήσουν με σαφήνεια τη σχέση μεταξύ εταιρειών, εκπομπών αερίων και κλιματικών συμβάντων μεταξύ των οποίων ακραίες δασικές πυρκαγιές"
72,Δασικές πυρκαγιές: Ρεκόρ καμένων εκτάσεων φέτος στην Ευρώπη,https://www.tovima.gr/2022/08/14/world/dasikes-pyrkagies-rekor-kamenon-ektaseon-fetos-stin-eyropi/,14.08.2022,10:15,,"Από την 1η Ιανουαρίου, οι πυρκαγιές έχουν καταστρέψει 6.627.760 στρέμματα δασών στην Ευρωπαϊκή Ένωση."
73,Πυροσβεστική: 34 δασικές πυρκαγιές το τελευταίο 24ώρο,https://www.tovima.gr/2022/08/12/society/pyrosvestiki-34-dasikes-pyrkagies-to-teleytaio-24oro/,12.08.2022,19:50,,"Σύμφωνα με την ημερήσια ανακοίνωση της Γενικής Γραμματείας Πολιτικής Προστασίας, οι περισσότερες αντιμετωπίστηκαν άμεσα, στο αρχικό τους στάδιο."
74,61 δασικές πυρκαγιές - Σε ύφεση στη Θάσο,https://www.tovima.gr/2022/08/11/society/pyrosvestiki-se-yfesi-i-fotia-sti-thaso-61-dasikes-pyrkagies-se-ena-24oro/,11.08.2022,20:20,,"Η φωτιά στη Θάσο είναι σε ύφεση, ενώ η Πυροσβεστική κλήθηκε σε 61 σημεία σε όλη τη χώρα για να αντιμετωπίσει πυρκαγιές σε μόλις ένα 24ωρο."
75,Πάνω από 3.800 δασικές πυρκαγιές φέτος,https://www.tovima.gr/2022/08/10/society/pyrosvestiki-perissoteres-apo-3-800-dasikes-pyrkagies-apo-tin-enarksi-tis-antipyrikis-periodou/,10.08.2022,18:01,,Η εικόνα στα πύρινα μέτωπα σήμερα
76,Πυροσβεστική: Η εικόνα στα πύρινα μέτωπα – 65 δασικές πυρκαγιές σε ένα 24ωρο,https://www.tovima.gr/2022/08/09/society/pyrosvestiki-i-eikona-sta-pyrina-metopa-65-dasikes-pyrkagies-se-ena-24oro/,09.08.2022,18:37,,Σε 65 δασικές πυρκαγιές κινητοποιήθηκαν οι δυνάμεις της Πυροσβεστικής το τελευταίο 24ωρο. Πώς είναι η κατάσταση στο Πετρωτό Δομοκού και στα υπόλοιπα πύρινα μέτωπα.
77,300 πυρκαγιές σε μια εβδομάδα,https://www.tovima.gr/2022/08/03/society/pyrosvestiki-se-yfesi-ta-pyrina-metopa-sxedon-300-dasikes-pyrkagies-se-mia-evdomada/,03.08.2022,18:50,,Η εκπρόσωπος της Πυροσβεστικής κατά την τακτική εβδομαδιαία ενημέρωση ανέφερε ότι από την έναρξη της αντιπυρικής περιόδου έως σήμερα έχουν γίνει 52 συλλήψεις για εμπρησμό εκ των οποίων οι 20 από πρόθεση
78,"31 δασικές πυρκαγιές το τελευταίο 24ώρο, υψηλός κίνδυνος και αύριο Τετάρτη",https://www.tovima.gr/2022/08/02/society/pyrosvestiki-31-dasikes-pyrkagies-to-teleytaio-24oro-ypsilos-kindynos-kai-ayrio-tetarti/,02.08.2022,18:10,,"Οι περισσότερες πυρκαγιές αντιμετωπίστηκαν άμεσα, στο αρχικό τους στάδιο."
79,Πυροσβεστική: 53 δασικές πυρκαγιές το τελευταίο 24ωρο,https://www.tovima.gr/2022/07/23/society/pyrosvestiki-53-dasikes-pyrkagies-to-teleytaio-24oro/,23.07.2022,21:45,,"Οι περισσότερες από αυτές αντιμετωπίστηκαν στο αρχικό τους στάδιο, σύμφωνα με ενημέρωση από την Πυροσβεστική."
80,51 δασικές πυρκαγιές το τελευταίο 24ωρο,https://www.tovima.gr/2022/07/17/society/pyrosvestiki-synolika-51-dasikes-pyrkagies-to-teleytaio-24oro-ayksimenes-peripolies-se-ennea-perioxes/,17.07.2022,19:37,,"Υπάρχει υψηλός κίνδυνος να εκδηλωθεί φωτιά την Δευτέρα σε Αττική, Κύθηρα, Εύβοια, Αργολίδα, Κρήτη, Λέσβο, Σάμο, Ικαρία και Χίο."
82,200 Ευρωπαίοι πυροσβέστες στην Ελλάδα,https://www.tovima.gr/2022/07/02/society/dasikes-pyrkagies-sti-maxi-tis-katasvesis-200-eyropaioi-pyrosvestes-eftasan-28-roumanoi-stin-athina/,02.07.2022,11:43,,"Σήμερα θα πραγματοποιηθεί τελετή υποδοχής από τον υπουργό Κλιματικής Κρίσης και Πολιτικής Προστασίας, Χρήστο Στυλιανίδη, στην Πυροσβεστική Ακαδημία, για την αποστολή των Ρουμάνων πυροσβεστών που έφτασαν χθες στην χώρα."
83,Λευκάδα: Μεγάλη δασική πυρκαγιά στον Άγιο Νικήτα - 112 για εκκένωση,https://www.tovima.gr/2025/03/23/society/leykada-megali-dasiki-pyrkagia-ston-agio-nikita-minyma-esteile-to-112/,23.03.2025,18:16,,"Λόγω των ισχυρών ανέμων που πνέουν μέχρι αυτήν την ώρα, δεν έχει καταστεί δυνατό να σηκωθούν εναέρια μέσα, παρά τη μεγάλη κινητοποίηση των πυροσβεστικών δυνάμεων, του δήμου και της περιφέρειας - Φωτιά και στα Καλάβρυτα"
85,Προφυλακιστέος ο υπαίτιος για τη δασική πυρκαγιά στον Υμηττό,https://www.tovima.gr/2024/04/02/society/ymittos-profylakisteos-o-ypaitios-gia-ti-dasiki-pyrkagia/,02.04.2024,18:12,,Ο αλλοδαπός είχε συλληφθεί στις 30 Μαρτίου - Η ανακοίνωση της Πυροσβεστικής
86,Σε ύφεση η δασική πυρκαγιά στην Κάρυστο μετά από ολονύχτια μάχη,https://www.tovima.gr/2023/11/05/society/se-yfesi-i-dasiki-pyrkagia-stin-karysto-meta-apo-olonyxtia-maxi/,05.11.2023,09:04,,Δύσκολη νύχτα πέρασαν οι κάτοικοι στην Κάρυστο ωστόσο μετά τις προσπάθειες των πυροσβεστών το πύρινο μέτωπο είναι σε ύφεση.
87,Δασική πυρκαγιά στο Μήλεσι Ωρωπού,https://www.tovima.gr/2023/04/30/society/dasiki-pyrkagia-sto-milesi-oropou/,30.04.2023,14:50,,Η πυρκαγιά εκδηλώθηκε σε δασική περιοχή λίγο μετά τις 13.30 - δεν απειλεί κατοικημένη περιοχή
88,Ρόδος: Πυρκαγιά σε δασική περιοχή ξέσπασε το μεσημέρι – Επί ποδός οι Αρχές,https://www.tovima.gr/2024/06/12/society/rodos-pyrkagia-se-dasiki-perioxi-ksespase-to-mesimeri-epi-podos-oi-arxes/,12.06.2024,13:49,,Σύμφωνα με την Πυροσβεστική η πυρκαγιά ξέσπασε σε δασική περιοχή - Σε εξέλιξη επιχείρηση κατάσβεσης.
89,Πυρκαγιά στην Πλάτη Μεσσηνίας - Καίει αγροτοδασική έκταση,https://www.tovima.gr/2024/06/12/society/messinia-pyrkagia-stin-plati-kaiei-agrotodasiki-ektasi/,12.06.2024,08:35,,Η πυρκαγιά στην πλάτη Μεσσηνίας που προς το παρόν καταστρέφει αγροτοδασική έκταση εκδηλώθηκε τα ξημερώματα υπό αδιευκρίνιστες συνθήκες
90,"Άσκηση ετοιμότητας στον Δήμο Πολυγύρου, για οργανωμένη εκκένωση οικισμού σε περίπτωση δασικής πυρκαγιάς",https://www.tovima.gr/2024/05/17/society/askisi-etoimotitas-ston-dimo-polygyrou-gia-organomeni-ekkenosi-oikismou-se-periptosi-dasikis-pyrkagias/,17.05.2024,12:45,NewsRoom,"Το σενάριο έκανε λόγο για μία δασική πυρκαγιά, περίπου 2χλμ Β.Δ της Δημοτικής Κοινότητας Μεταμόρφωσης."
91,Πυρκαγιά σε δασική έκταση στο Λουτράκι,https://www.tovima.gr/2024/05/06/society/pyrkagia-se-dasiki-ektasi-sto-loutraki/,06.05.2024,16:18,,Στο σημείο επιχειρούν πυροσβέστες και εθελοντικές ομάδες δασοπροστασίας.
92,Υπό μερικό έλεγχο η πυρκαγιά σε δασική έκταση στην Αράχοβα Μεσσηνίας,https://www.tovima.gr/2024/03/27/society/ypo-meriko-elegxo-i-pyrkagia-se-dasiki-ektasi-stin-araxova-messinias/,27.03.2024,14:58,,Για την κατάσβεση της φωτιάς επιχείρησαν 50 πυροσβέστες με τρεις ομάδες πεζοπόρων τμημάτων και 13 οχήματα.
93,Εύβοια: Πυρκαγιά σε δασική έκταση στα Στύρα,https://www.tovima.gr/2023/08/13/society/eyvoia-pyrkagia-se-dasiki-ektasi-sta-styra/,13.08.2023,15:10,,"Λίγο πριν τις 13.00 το μεσημέρι μεγάλη δασική πυρκαγιά εκδηλώθηκε στο Δήμο Στυρέων Ευβοίας, προκαλώντας μεγάλη κινητοποίηση στην Πυροσβεστική Υπηρεσία."
94,Πυρκαγιά σε δασική έκταση στην περιοχή Καλλιθέα Λουτρακίου,https://www.tovima.gr/2023/07/08/society/pyrkagia-se-dasiki-ektasi-stin-perioxi-kallithea-loutrakiou/,08.07.2023,20:27,,Σύμφωνα με την Πυροσβεστική η φωτιά καίει δασικό κομμάτι ενώ δεν έχουν υπάρξει αναφορές μέχρι στιγμής ότι απειλείται ο οικισμός.
95,Πυρκαγιά σε δασική έκταση στο Μαρκόπουλο Ωρωπού,https://www.tovima.gr/2023/07/06/society/pyrkagia-se-dasiki-ektasi-sto-markopoulo-oropou/,06.07.2023,14:32,,Για την κατάσβεση της φωτιάς επιχειρούν μέχρι στιγμής 62 πυροσβέστες με 3 ομάδες πεζοπόρων τμημάτων και 18 οχήματα ενώ από αέρος συνδράμουν 2 ελικόπτερα.
96,Καναδάς: Περίπου 18.000 άνθρωποι εγκατέλειψαν τα σπίτια τους λόγω δασικής πυρκαγιάς,https://www.tovima.gr/2023/05/29/world/kanadas-peripou-18-000-anthropoi-egkateleipsan-ta-spitia-tous-logo-dasikis-pyrkagias/,29.05.2023,23:17,,Ο πρωθυπουργός του Καναδά Τζάστιν Τριντό υπογράμμισε σε ανάρτησή του στο Twitter ότι η κατάσταση λόγω της πυρκαγιάς στην επαρχία της Νέας Σκωτίας είναι «εξαιρετικά σοβαρή».
97,Πυρκαγιά σε αγροτοδασική έκταση στα Καλύβια Θορικού,https://www.tovima.gr/2023/05/27/society/pyrkagia-se-agrotodasiki-ektasi-sta-kalyvia-thorikou/,27.05.2023,18:19,,Διακοπή της κυκλοφορίας στη λεωφόρο Αναβύσσου από το ύψος της Αγίας Παρασκευής
98,Ρόδος: Πυρκαγιά κοντά σε δασική έκταση,https://www.tovima.gr/2023/05/14/society/rodos-pyrkagia-konta-se-dasiki-ektasi/,14.05.2023,16:03,,Επί ποδός η πυροσβεστική στη Ρόδο μετά από φωτιά που ξέσπασε σε περιοχή κοντά σε δασική έκταση
99,Πυρκαγιά σε δασική έκταση στα Μέθανα,https://www.tovima.gr/2023/04/27/society/pyrkagia-se-dasiki-ektasi-sta-methana/,27.04.2023,15:20,,"Στο σημείο επιχειρούν 15 πυροσβέστες με 6 οχήματα, μία ομάδα πεζοπόρου τμήματος ενώ από αέρος συνδράμουν 2 αεροσκάφη."
100,Φωτιά στην Κεφαλονιά,https://www.tovima.gr/2022/09/21/society/pyrkagia-stin-kefalonia-kaiei-dasiki-ektasi/,21.09.2022,23:20,,Δασική έκταση καίει το πύρινο μέτωπο στην Κεφαλονιά.
101,Λακωνία: Πυρκαγιά σε δασική έκταση στην περιοχή Βασιλική,https://www.tovima.gr/2022/08/06/society/lakonia-pyrkagia-se-dasiki-ektasi-stin-perioxi-vasiliki/,06.08.2022,12:32,,Ισχυρές δυνάμεις επί τόπου
102,Φωτιά στην Εύβοια - Καίει δάσος,https://www.tovima.gr/2022/07/01/society/fotia-stin-eyvoia-pyrkagia-se-dasiki-ektasi-stin-perioxi-dirfyon-messapion/,01.07.2022,13:46,,Οι πρώτες πληροφορίες για τη φωτιά στην Εύβοια
